tweet_id,text,created_at,author_id,author_username,author_name,author_verified,retweet_count,reply_count,like_count,quote_count,language,topics
1986524794783723937,"RT @falkcapital: ‚Ä¢ V√çDEO NOVO NO CANAL ‚Ä¢

üö® ATEN√á√ÉO: Fato Relevante da #CSMG3! Governo de MG INICIA ESTUDOS de Privatiza√ß√£o da COPASA, MAS.‚Ä¶",2025-11-06 20:03:13+00:00,1619161540866850818,falkalertas,Falk Capital - Alertas,False,1,0,0,0,pt,"['privatization', 'politics_government']"
1986524447071961128,"RT @RogerioCorreia_: Vota√ß√£o encerrada com 47 votos a favor e a Constitui√ß√£o exige 48 para aprova√ß√£o. Proclamado o resultado, o atrasado Br‚Ä¶",2025-11-06 20:01:50+00:00,1943641234909884416,jonas251373998,jonas25,False,160,0,0,0,pt,['other']
1986523283408494860,"‚Ä¢ V√çDEO NOVO NO CANAL ‚Ä¢

üö® ATEN√á√ÉO: Fato Relevante da #CSMG3! Governo de MG INICIA ESTUDOS de Privatiza√ß√£o da COPASA, MAS... A decis√£o final N√ÉO EST√Å tomada! 

‚ñ∂Ô∏è ASSISTA AGORA
https://t.co/i6Tm2UvMqJ

#CSMG3 #COPASA #FatoRelevante #Estatais #Investimentos #BolsaDeValores",2025-11-06 19:57:13+00:00,1623098958401732610,falkcapital,Falk Capital,False,1,0,1,0,pt,"['politics_government', 'privatization', 'investment_stock']"
1986522667088818392,"RT @RomeuZema: Agrade√ßo ao presidente da @assembleiamg, @_Tadeuzinho pela condu√ß√£o da vota√ß√£o e aos deputados que aprovaram em definitivo a‚Ä¶",2025-11-06 19:54:46+00:00,69711719,patrulheiroze,Patrulheiro Z√©,False,17,0,0,0,pt,['politics_government']
1986522162358899002,RT @brunosouzasc: A esquerda foi protestar contra a privatiza√ß√£o da Copasa e queimou a casa errada achando que era a do presidente da Assem‚Ä¶,2025-11-06 19:52:45+00:00,1589992871125565441,vi28245441,Tania Vieira,False,23,0,0,0,pt,"['protest', 'privatization']"
1986520172220588447,"RT @lohannaf: Zema oferece quase tr√™s vezes mais ativos do que a Uni√£o exige pra abater a d√≠vida: R$ 96 bilh√µes!

E ainda quer vender a Cop‚Ä¶",2025-11-06 19:44:51+00:00,1304451577554575362,tatabqr,Tataüáßüá∑‚ú®Ô∏èüáßüá∑,False,11,0,0,0,pt,"['privatization', 'politics_government']"
1986519350690640039,"RT @Fredkrepe: Lupi, aproveitando o tema, voc√™ poderia nos explicar por qual motivo os 2 deputados estaduais do PDT em Minas votaram pela p‚Ä¶",2025-11-06 19:41:35+00:00,1660055871580250112,mrb_mx,Jo√£o,False,75,0,0,0,pt,['politics_government']
1986518866210750868,"Identificou um vazamento?  N√£o se preocupe, estamos aqui para ajudar! Acesse Ag√™ncia Virtual, baixe o app Copasa Digital ou entre em contato por telefone, ou WhatsApp e resolva rapidamente. Juntos, preservamos a √°gua e cuidamos do planeta. #AquiTemCopasa https://t.co/UJlQuiSc5I",2025-11-06 19:39:40+00:00,1577380393921257474,aquitemcopasa,Copasa,False,0,0,0,0,pt,['service_issue']
1986515192532914599,"@Feeh_Galo @RogerioCorreia_ E a nossa oposi√ß√£o n√£o tem for√ßa, ano que vem tende a ficar pior pq em todas as pesquisas a ED continua forte. A Copasa √© uma grande derrota para n√≥s mineiros. Zema vai sair com seu maior desejo concluido. Vai vender a pre√ßo de banana, igusl a Vale e refinarias da Petrobras",2025-11-06 19:25:04+00:00,3092780614,galou2_franco,CristiüÖ∞Ô∏èno GüÖ∞Ô∏èlo,False,0,0,0,0,pt,"['politics_government', 'privatization', 'investment_stock']"
1986514653757731023,"RT @RogerioCorreia_: Vota√ß√£o encerrada com 47 votos a favor e a Constitui√ß√£o exige 48 para aprova√ß√£o. Proclamado o resultado, o atrasado Br‚Ä¶",2025-11-06 19:22:55+00:00,1000761412074033152,bongo_wesley,Bongo Wesley üáµüá∏,False,160,0,0,0,pt,['other']
1986514244754424268,PEC que libera privatiza√ß√£o da Copasa sem consulta popular √© aprovada na ALMG https://t.co/SY2Tm7oInr,2025-11-06 19:21:18+00:00,1961817306,FabioAlbianiBar,Fabio Albiani Barata,False,0,0,1,0,pt,"['privatization', 'politics_government']"
1986514010414719248,"RT @RogerioCorreia_: Vota√ß√£o encerrada com 47 votos a favor e a Constitui√ß√£o exige 48 para aprova√ß√£o. Proclamado o resultado, o atrasado Br‚Ä¶",2025-11-06 19:20:22+00:00,390175585,IgorFerrarezi,Igor Ferrarezi,False,160,0,0,0,pt,['other']
1986513959353246142,"@gabriel_mxrqs tem a ver com ex, copasa e testemunhar?",2025-11-06 19:20:10+00:00,3297874486,odarvvve,ev,False,0,2,0,0,pt,['other']
1986512340943052909,"@RogerioCorreia_ A√≠ eu pergunto: cad√™ os amiguinhos do Zema , que trabalham na Copasa ? Agora est√£o chorando a√≠ que o pai deles √© ruim .",2025-11-06 19:13:44+00:00,852906003570077697,julioaguiar21,Nunca Desista dos seus sonhos,False,0,0,0,0,pt,['politics_government']
1986511205008031865,"RT @lohannaf: Zema oferece quase tr√™s vezes mais ativos do que a Uni√£o exige pra abater a d√≠vida: R$ 96 bilh√µes!

E ainda quer vender a Cop‚Ä¶",2025-11-06 19:09:13+00:00,989265071078625280,Siljr2,Siljr,False,11,0,0,0,pt,"['privatization', 'politics_government']"
1986510931010957610,RT @brunosouzasc: A esquerda foi protestar contra a privatiza√ß√£o da Copasa e queimou a casa errada achando que era a do presidente da Assem‚Ä¶,2025-11-06 19:08:08+00:00,1578875840863113216,TIOREGIPATRIOTA,REGINALDO,False,23,0,0,0,pt,"['protest', 'privatization']"
1986510647803441638,"RT @RogerioCorreia_: Vota√ß√£o encerrada com 47 votos a favor e a Constitui√ß√£o exige 48 para aprova√ß√£o. Proclamado o resultado, o atrasado Br‚Ä¶",2025-11-06 19:07:00+00:00,1063087044270964741,EdgardMartins5,Agora tambi√©n sou BlueSky!,False,160,0,0,0,pt,['other']
1986510059442958548,RT @brasil247: Zema desafia Lula e busca abrir caminho para privatiza√ß√£o da Copasa https://t.co/K66waGMSgH,2025-11-06 19:04:40+00:00,392806258,JSPendot,J.S.Pendot,False,1,0,0,0,pt,"['privatization', 'politics_government']"
1986509737832198403,"RT @pablogalmeida: V√¢ndalos de esquerda, contr√°rios √† privatiza√ß√£o da Copasa, colocaram fogo em frente a casa que eles achavam ser do presi‚Ä¶",2025-11-06 19:03:23+00:00,131345306,jtatianadd,J√≥y' √ìliver (Negra Joy),False,2518,0,0,0,pt,"['protest', 'privatization']"
1986509611231277377,RT @brunosouzasc: A esquerda foi protestar contra a privatiza√ß√£o da Copasa e queimou a casa errada achando que era a do presidente da Assem‚Ä¶,2025-11-06 19:02:53+00:00,1021749289,crist_vi,Cris Br,False,23,0,0,0,pt,"['protest', 'privatization']"
1986509340459557304,"RT @andreiadejesuus: VERGONHOSO.
Enquanto o povo lota as galerias pedindo respeito, a base do governo Zema vira as costas para Minas e auto‚Ä¶",2025-11-06 19:01:48+00:00,130910566,321Doug,RP - Referencias Populares,False,1,0,0,0,pt,"['protest', 'politics_government']"
1986509207147876823,#CSMG3 | COPASA | Fato Relevante https://t.co/sQAZYhEP2p,2025-11-06 19:01:17+00:00,1213307914741436416,InformesDaBolsa,Informes da Bolsa,False,0,0,2,0,it,['other']
1986508757363196015,Zema desafia Lula e busca abrir caminho para privatiza√ß√£o da Copasa https://t.co/K66waGMSgH,2025-11-06 18:59:29+00:00,248890506,brasil247,Brasil 247,False,1,1,5,0,pt,"['privatization', 'politics_government']"
1986508209083846860,"RT @lohannaf: Zema oferece quase tr√™s vezes mais ativos do que a Uni√£o exige pra abater a d√≠vida: R$ 96 bilh√µes!

E ainda quer vender a Cop‚Ä¶",2025-11-06 18:57:19+00:00,808007060835209216,dorinha91,Dora,False,11,0,0,0,pt,"['privatization', 'politics_government']"
1986507720820699605,"RT @RogerioCorreia_: Vota√ß√£o encerrada com 47 votos a favor e a Constitui√ß√£o exige 48 para aprova√ß√£o. Proclamado o resultado, o atrasado Br‚Ä¶",2025-11-06 18:55:22+00:00,84311767,julianosenna,Juliano Senna,False,160,0,0,0,pt,['other']
1986507698956083558,"RT @RogerioCorreia_: üö® Golpe em curso na ALMG!
Bruno Engler e a base de Zema querem acabar com o referendo que garante ao povo mineiro o di‚Ä¶",2025-11-06 18:55:17+00:00,84311767,julianosenna,Juliano Senna,False,228,0,0,0,pt,"['privatization', 'politics_government']"
1986507034200576131,"RT @folha: Zema afirma que h√° ainda longo caminho para privatiza√ß√£o da Copasa
https://t.co/JrCl6ZEriK",2025-11-06 18:52:39+00:00,3294079606,alvim93,Vera alvim,False,2,0,0,0,pt,"['privatization', 'politics_government']"
1986506302290600448,RT @brunosouzasc: A esquerda foi protestar contra a privatiza√ß√£o da Copasa e queimou a casa errada achando que era a do presidente da Assem‚Ä¶,2025-11-06 18:49:44+00:00,1612598209645273089,MariaMMSalgado2,Maria M M Salgado,False,23,0,0,0,pt,"['protest', 'privatization']"
1986505915533553670,Copasa bate recorde hist√≥rico de investimento com R$ 2 bilh√µes aplicados em nove meses https://t.co/cZGBzVCxI8 #Varginha,2025-11-06 18:48:12+00:00,135272073,Varginha_online,Varginha Online,False,0,0,0,0,pt,['investment_stock']
1986505840208077228,"RT @folha: Zema afirma que h√° ainda longo caminho para privatiza√ß√£o da Copasa
https://t.co/JrCl6ZEriK",2025-11-06 18:47:54+00:00,1922054656341188608,BrbaraHeli73935,B√°rbara Heliodora Cerqueira,False,2,0,0,0,pt,"['privatization', 'politics_government']"
1986505670263201882,"RT @RogerioCorreia_: Vota√ß√£o encerrada com 47 votos a favor e a Constitui√ß√£o exige 48 para aprova√ß√£o. Proclamado o resultado, o atrasado Br‚Ä¶",2025-11-06 18:47:13+00:00,1580281899473424385,jady_braganca,Jady Bragan√ßa,False,160,0,0,0,pt,['other']
1986505470971158730,"RT @RogerioCorreia_: Vota√ß√£o encerrada com 47 votos a favor e a Constitui√ß√£o exige 48 para aprova√ß√£o. Proclamado o resultado, o atrasado Br‚Ä¶",2025-11-06 18:46:26+00:00,1247630205939855368,NinaVianaAg,jur√≠dico do sanji üö¨,False,160,0,0,0,pt,['other']
1986505308340986188,"Zema afirma que h√° ainda longo caminho para privatiza√ß√£o da Copasa
https://t.co/JrCl6ZEriK",2025-11-06 18:45:47+00:00,14594813,folha,Folha de S.Paulo,True,2,0,2,0,pt,"['privatization', 'politics_government']"
1986504308507173141,"VERGONHOSO.
Enquanto o povo lota as galerias pedindo respeito, a base do governo Zema vira as costas para Minas e autoriza a privatiza√ß√£o da COPASA sem ouvir ningu√©m.

Zema e seus aliados querem entregar a √°gua, um direito humano para o mercado, ignorando as 780 mil fam√≠lias que https://t.co/P2iqy38KAj",2025-11-06 18:41:49+00:00,994268335486504963,andreiadejesuus,Andr√©ia de Jesus 51.120 votos,False,1,0,5,0,pt,"['protest', 'privatization', 'politics_government']"
1986503538248171581,"RT @lohannaf: Zema oferece quase tr√™s vezes mais ativos do que a Uni√£o exige pra abater a d√≠vida: R$ 96 bilh√µes!

E ainda quer vender a Cop‚Ä¶",2025-11-06 18:38:45+00:00,1465376036498161670,MiltonTT2,MiltonTTüö©üö©üö©,False,11,0,0,0,pt,"['privatization', 'politics_government']"
1986497580055077152,RT @brunosouzasc: A esquerda foi protestar contra a privatiza√ß√£o da Copasa e queimou a casa errada achando que era a do presidente da Assem‚Ä¶,2025-11-06 18:15:05+00:00,308724181,armandoatanes,Armando PA,False,23,0,0,0,pt,"['protest', 'privatization']"
1986497429055721549,"@galou2_franco @RogerioCorreia_ Os caras querem vender a copasa, olha o tamanho da empresa que a Copasa se tornou, depois que ela j√° levou saneamento b√°sico a boa parte das pessoas, o estado simplesmente quer entregar nas m√£os da iniciativa privada.",2025-11-06 18:14:29+00:00,960581362855145472,Feeh_Galo,Oliveira,False,0,1,1,0,pt,['privatization']
1986497217138446788,"RT @lohannaf: Zema oferece quase tr√™s vezes mais ativos do que a Uni√£o exige pra abater a d√≠vida: R$ 96 bilh√µes!

E ainda quer vender a Cop‚Ä¶",2025-11-06 18:13:38+00:00,1752753646456946688,Luciana6312,Luciana,False,11,0,0,0,pt,"['privatization', 'politics_government']"
1986497043544596568,"RT @RogerioCorreia_: üö® Golpe em curso na ALMG!
Bruno Engler e a base de Zema querem acabar com o referendo que garante ao povo mineiro o di‚Ä¶",2025-11-06 18:12:57+00:00,347438996,karla_jf,Karla,False,228,0,0,0,pt,"['privatization', 'politics_government']"
1986496527435501653,"RT @lohannaf: Vergonha! Por 48 votos a favor e 22 contra, a ALMG aprovou, o fim do referendo popular para a venda da Copasa.

A PEC do Cala‚Ä¶",2025-11-06 18:10:54+00:00,1435063985079037956,Caju99490944,Caju,False,113,0,0,0,pt,"['privatization', 'politics_government']"
1986495542541590695,que babado eh esse q a Copasa t√° sendo privatizada?,2025-11-06 18:06:59+00:00,1757219655356153856,wxypkxd,‚ãÜ.‚úÆ ùêÉùê®ùê´ùêö ‡≠®‡ßé,False,0,0,1,0,pt,['privatization']
1986493001443524691,"RT @lohannaf: Zema oferece quase tr√™s vezes mais ativos do que a Uni√£o exige pra abater a d√≠vida: R$ 96 bilh√µes!

E ainda quer vender a Cop‚Ä¶",2025-11-06 17:56:53+00:00,1588831477285920768,it_anonym0us,‚ò≠ Pennywise üéàü§° #Fora4eRros #SampaoliNoGalo,False,11,0,0,0,pt,"['privatization', 'politics_government']"
1986492019628204472,"RT @lohannaf: Zema oferece quase tr√™s vezes mais ativos do que a Uni√£o exige pra abater a d√≠vida: R$ 96 bilh√µes!

E ainda quer vender a Cop‚Ä¶",2025-11-06 17:52:59+00:00,1684691963486896128,Scorpianin,Scorpianin üö©,False,11,0,0,0,pt,"['privatization', 'politics_government']"
1986491949562356162,"RT @lohannaf: Zema oferece quase tr√™s vezes mais ativos do que a Uni√£o exige pra abater a d√≠vida: R$ 96 bilh√µes!

E ainda quer vender a Cop‚Ä¶",2025-11-06 17:52:42+00:00,1544309055438655489,EdnaMartadeJes4,Edna Marta de Jesus,False,11,0,0,0,pt,"['privatization', 'politics_government']"
1986491464528933097,"RT @RogerioCorreia_: Vota√ß√£o encerrada com 47 votos a favor e a Constitui√ß√£o exige 48 para aprova√ß√£o. Proclamado o resultado, o atrasado Br‚Ä¶",2025-11-06 17:50:47+00:00,1273685433688322049,oMauCidadao,Mau Cidad√£o,False,160,0,0,0,pt,['other']
1986490885937234195,RT @brunosouzasc: A esquerda foi protestar contra a privatiza√ß√£o da Copasa e queimou a casa errada achando que era a do presidente da Assem‚Ä¶,2025-11-06 17:48:29+00:00,1844145403241037825,Vicente_Roden,Jo√£o Vicente Gomes Roden,False,23,0,0,0,pt,"['protest', 'privatization']"
1986490865208930614,"RT @lohannaf: Zema oferece quase tr√™s vezes mais ativos do que a Uni√£o exige pra abater a d√≠vida: R$ 96 bilh√µes!

E ainda quer vender a Cop‚Ä¶",2025-11-06 17:48:24+00:00,2657959135,XANDA3003,Alexandra Nascimento,False,11,0,0,0,pt,"['privatization', 'politics_government']"
1986490847915802828,"@DudaSalabert Falei que a gente ia perder essa, praticamente n√£o tem ningu√©m sabendo disso, quando todo mundo come√ßar a se ligar a copasa j√° estar√° privatizada e o povo pagando mais caro por um servi√ßo pior. Infelizmente nessa a√≠ o povo mineiro perdeu.",2025-11-06 17:48:20+00:00,1773450699570806784,Raulcsm300,Raul ü¶ä,False,0,0,0,0,pt,['privatization']
1986489815076864438,"RT @lohannaf: Vergonha! Por 48 votos a favor e 22 contra, a ALMG aprovou, o fim do referendo popular para a venda da Copasa.

A PEC do Cala‚Ä¶",2025-11-06 17:44:13+00:00,2657959135,XANDA3003,Alexandra Nascimento,False,113,0,0,0,pt,"['privatization', 'politics_government']"
1986487635385233858,"Zema volta a defender privatiza√ß√£o da Copasa e diz que medida garante universaliza√ß√£o do saneamento

Governador de Minas Gerais comentou sobre processo de desestatiza√ß√£o da companhia durante agenda em Passos
https://t.co/of8J4zI44V",2025-11-06 17:35:34+00:00,29274419,otempo,O TEMPO,True,0,2,0,0,pt,"['privatization', 'politics_government']"
1986486633135575371,"Odeio o Zema!!!! N√£o paga meu sal√°rio direito, quer privatizar a Copasa e ainda precariza meu trabalho cada dia mais!!!!!!!",2025-11-06 17:31:35+00:00,1599107181613355009,BelleAndrade_19,BelleAndrade,False,0,0,1,0,pt,"['service_issue', 'privatization', 'politics_government']"
1986486313046970704,"RT @RogerioCorreia_: Vota√ß√£o encerrada com 47 votos a favor e a Constitui√ß√£o exige 48 para aprova√ß√£o. Proclamado o resultado, o atrasado Br‚Ä¶",2025-11-06 17:30:18+00:00,1268040233179889664,ANTARES09890344,ANTARES,False,160,0,0,0,pt,['other']
1986486005797433811,"RT @revistaforum: BRASIL

Aliados de Zema atropelam regimento e aprovam PEC do Cala a Boca que facilita privatiza√ß√£o

Texto que retira a ex‚Ä¶",2025-11-06 17:29:05+00:00,1608992305138094080,ozymandias_ii,Ozymandias II,False,7,0,0,0,pt,"['privatization', 'politics_government']"
1986485802373620111,"RT @pablogalmeida: V√¢ndalos de esquerda, contr√°rios √† privatiza√ß√£o da Copasa, colocaram fogo em frente a casa que eles achavam ser do presi‚Ä¶",2025-11-06 17:28:17+00:00,1963312804871462912,Patricia_Di92,Patricia Dias,False,2518,0,0,0,pt,"['protest', 'privatization']"
1986485739685654719,"RT @RogerioCorreia_: Nem o governo Lula, nem o Minist√©rio da Fazenda pediram a privatiza√ß√£o da Copasa. Zema quer vender por vontade pr√≥pria‚Ä¶",2025-11-06 17:28:02+00:00,1037625103,Catheriny1525,Catherine Falcony,False,219,0,0,0,pt,"['privatization', 'politics_government']"
1986485553475273158,copasa precisa voltar com minha √°gua pq preciso lavar roupa,2025-11-06 17:27:17+00:00,1523104471408156674,loremoraiss_,lorelore,False,0,1,0,0,pt,['other']
1986484712597000476,RT @brunosouzasc: A esquerda foi protestar contra a privatiza√ß√£o da Copasa e queimou a casa errada achando que era a do presidente da Assem‚Ä¶,2025-11-06 17:23:57+00:00,1844055365115076608,GarroLiza4418,üåπLizaGarro,False,23,0,0,0,pt,"['protest', 'privatization']"
1986483446479528367,"@RogerioCorreia_ Perdeu

Acabou a mamata da copasa",2025-11-06 17:18:55+00:00,1472294391993839625,ChickensCry,cry_chickens,False,0,0,0,0,pt,['other']
1986482686106403030,"RT @lohannaf: Vergonha! Por 48 votos a favor e 22 contra, a ALMG aprovou, o fim do referendo popular para a venda da Copasa.

A PEC do Cala‚Ä¶",2025-11-06 17:15:54+00:00,1000761412074033152,bongo_wesley,Bongo Wesley üáµüá∏,False,113,0,0,0,pt,"['privatization', 'politics_government']"
1986482130696781908,RT @brunosouzasc: A esquerda foi protestar contra a privatiza√ß√£o da Copasa e queimou a casa errada achando que era a do presidente da Assem‚Ä¶,2025-11-06 17:13:41+00:00,1327255735395377152,JulioHastenrei1,Julio Hastenreiter,False,23,0,0,0,pt,"['protest', 'privatization']"
1986480486504616369,RT @brunopedralva: AGORA: o ministro @GuilhermeBoulos desmentiu Zema em ato de resist√™ncia contra a PEC do Cala a Boca na ALMG. O PROPAG n√£‚Ä¶,2025-11-06 17:07:09+00:00,1564962738434088960,MiltonM25637068,Milton Moraes,False,11,0,0,0,pt,"['protest', 'privatization', 'politics_government']"
1986479976997110198,"RT @RogerioCorreia_: üö® Golpe em curso na ALMG!
Bruno Engler e a base de Zema querem acabar com o referendo que garante ao povo mineiro o di‚Ä¶",2025-11-06 17:05:08+00:00,1729047776888057856,JHityon,Jorge Hityon üáßüá∑üö©üáµüá∏,False,228,0,0,0,pt,"['privatization', 'politics_government']"
1986478339243032981,"RT @pablogalmeida: V√¢ndalos de esquerda, contr√°rios √† privatiza√ß√£o da Copasa, colocaram fogo em frente a casa que eles achavam ser do presi‚Ä¶",2025-11-06 16:58:37+00:00,1824895199903956992,Maria9778392194,Maria,False,2518,0,0,0,pt,"['protest', 'privatization']"
1986478094954229972,"Finalmente a cangalha da COPASA foi privatizada . 

Fora a pelegada que vai perder a mamata e a bancada do coc√¥ , a privatiza√ß√£o desse dinossauro √© excelente p/ toda a popula√ß√£o https://t.co/o4hSKv1OVP",2025-11-06 16:57:39+00:00,813843746,LeonardoGSaade,Leonardo Saade,False,0,0,0,0,pt,['privatization']
1986477471504769161,"RT @AntifaGalo: A COPASA n√£o √© do Zema
A COPASA n√£o √© dos amigos bilion√°rios do Zema
A COPASA √© do povo mineiro.

#EsseTrem√âNosso https://t‚Ä¶",2025-11-06 16:55:10+00:00,1844700114738171914,mzcaralho,r,False,256,0,0,0,pt,"['protest', 'politics_government']"
1986477419146965101,"RT @lohannaf: Zema oferece quase tr√™s vezes mais ativos do que a Uni√£o exige pra abater a d√≠vida: R$ 96 bilh√µes!

E ainda quer vender a Cop‚Ä¶",2025-11-06 16:54:58+00:00,1846004696567238658,RodriguesT52519,dogstillus,False,11,0,0,0,pt,"['privatization', 'politics_government']"
1986477081509650898,"@cleitinhotmj SOBRE A COPASA SER PRIVATIZADA VC N√ÉO FALA NADA N√â, SEU MALANDRO VAGABUNDO.",2025-11-06 16:53:37+00:00,1347311399630991360,ArthurA96391310,Arthur Freitas,False,0,0,0,0,pt,['privatization']
1986472738614055198,"Se a copasa como orgao publico ja falta agua todo dia, sendo privatizada nao vai ter agua.  https://t.co/AKrZARgqEw",2025-11-06 16:36:22+00:00,867877443645964290,caldodexereca,Tabata Amaral canta te amo piranha pra carteiros,False,0,0,0,0,pt,['privatization']
1986472364176240828,"RT @RogerioCorreia_: Vota√ß√£o encerrada com 47 votos a favor e a Constitui√ß√£o exige 48 para aprova√ß√£o. Proclamado o resultado, o atrasado Br‚Ä¶",2025-11-06 16:34:53+00:00,1484659618349469700,vozesspaces,Spaces Vozes,False,160,0,0,0,pt,['other']
1986471291713417505,"RT @pablogalmeida: V√¢ndalos de esquerda, contr√°rios √† privatiza√ß√£o da Copasa, colocaram fogo em frente a casa que eles achavam ser do presi‚Ä¶",2025-11-06 16:30:37+00:00,1586000103487184896,Fernand46499869,Fernando Martins,False,2518,0,0,0,pt,"['protest', 'privatization']"
1986471266254233725,@RomeuZema Pq n√£o quer o referendo sobre a privatiza√ß√£o ou n√£o da copasa? Tem medo de qu√™? Do povo n√£o concordar em entregar sua √°gua? Mobilizou sua base de deputados para entregar bem p√∫blico.,2025-11-06 16:30:31+00:00,3339424763,kakajr502,KakaJr,False,0,0,2,0,pt,"['privatization', 'politics_government']"
1986471141167218900,"üèû 18 candidaturas para la millonaria licitaci√≥n del saneamiento del r√≠o Barba√±a 

Tambi√©n se contempla la ampliaci√≥n de la EDAR de San Cibrao das Vi√±as üëá https://t.co/xvSFumgVh8",2025-11-06 16:30:01+00:00,313819854,LaRegion,La Regi√≥n,False,0,0,0,0,es,['other']
1986470395529056450,"Mano, a COPASA sendo privatizada me deu flashback do que paulistas falaram sobre a SABESP. N√≥s, mineiros, temos que nos mobilizar contra",2025-11-06 16:27:03+00:00,3067700367,bodezumbi,BodeZumbi,False,0,0,0,0,pt,['privatization']
1986469772293259269,"RT @RogerioCorreia_: üö® Golpe em curso na ALMG!
Bruno Engler e a base de Zema querem acabar com o referendo que garante ao povo mineiro o di‚Ä¶",2025-11-06 16:24:35+00:00,1372006218336772098,DADIVAHD,D√ÅDIVA,False,228,0,0,0,pt,"['privatization', 'politics_government']"
1986469019700936832,"RT @RogerioCorreia_: Vota√ß√£o encerrada com 47 votos a favor e a Constitui√ß√£o exige 48 para aprova√ß√£o. Proclamado o resultado, o atrasado Br‚Ä¶",2025-11-06 16:21:35+00:00,1372006218336772098,DADIVAHD,D√ÅDIVA,False,160,0,0,0,pt,['other']
1986468980781949150,"RT @pablogalmeida: V√¢ndalos de esquerda, contr√°rios √† privatiza√ß√£o da Copasa, colocaram fogo em frente a casa que eles achavam ser do presi‚Ä¶",2025-11-06 16:21:26+00:00,1552717414038704129,Gustavo15247510,Gustavo Sales,False,2518,0,0,0,pt,"['protest', 'privatization']"
1986468164209717588,@vmgbr81 @RogerioCorreia_ Vc e se sp toma agua de bosta da sabesp e vem falar da copasa ü§£ü§£ü§£ü§£,2025-11-06 16:18:11+00:00,90016277,heitorpguerra,Heitor Guerra,False,0,0,0,0,pt,['other']
1986467358605545781,"üößObra emergencial da COPASA na R. Padre Severino entre as ruas Congonhas e S√£o Domingos do Prata, Bairro S√£o Pedro
Desvio proposto: 
R. Congonhas, R. Lavras, R. Cristina e R. Padre Severino. https://t.co/13IATMG6jQ",2025-11-06 16:14:59+00:00,1809253657755746304,BHMobilidade,BH Mobilidade,False,0,0,0,0,pt,['service_issue']
1986466731531923783,"RT @RogerioCorreia_: Nem o governo Lula, nem o Minist√©rio da Fazenda pediram a privatiza√ß√£o da Copasa. Zema quer vender por vontade pr√≥pria‚Ä¶",2025-11-06 16:12:30+00:00,1956450509684137984,Val282965817812,Val,False,219,0,0,0,pt,"['privatization', 'politics_government']"
1986466710849737205,"Zema oferece quase tr√™s vezes mais ativos do que a Uni√£o exige pra abater a d√≠vida: R$ 96 bilh√µes!

E ainda quer vender a Copasa e as estatais como se Minas fosse liquida√ß√£o de fim de feira‚Ä¶ https://t.co/fEMgklLr5D",2025-11-06 16:12:25+00:00,71917109,lohannaf,Lohanna,False,11,3,55,0,pt,"['privatization', 'politics_government']"
1986466119767519654,"Privatiza√ß√£o da Copasa: ALMG esclarece voto de Engler
https://t.co/4azYkM6vB1",2025-11-06 16:10:04+00:00,183398510,em_com,Estado de Minas,False,0,0,1,0,pt,"['privatization', 'politics_government']"
1986464987229954100,"RT @RogerioCorreia_: üö® Golpe em curso na ALMG!
Bruno Engler e a base de Zema querem acabar com o referendo que garante ao povo mineiro o di‚Ä¶",2025-11-06 16:05:34+00:00,189405564,pedrogobett,Pedro Gobett,False,228,0,0,0,pt,"['privatization', 'politics_government']"
1986464960952652133,"RT @RogerioCorreia_: Vota√ß√£o encerrada com 47 votos a favor e a Constitui√ß√£o exige 48 para aprova√ß√£o. Proclamado o resultado, o atrasado Br‚Ä¶",2025-11-06 16:05:28+00:00,189405564,pedrogobett,Pedro Gobett,False,160,0,0,0,pt,['other']
1986464646790889762,RT @GilmaraMachado8: @bellagoncalvs O povo est√° com voc√™s! Lutem por n√≥s! N√£o podem vender a Copasa!,2025-11-06 16:04:13+00:00,42283980,Alexmoc,Alex Leite,False,0,0,0,0,pt,['privatization']
1986463969427472682,"@gsoholding @rotalucrativa @gaiusnumerius @paoduromcmoney @BrasilBurke Tenho Copasa, gosto. PM de 14,40. Meu pre√ßo teto pra ela era de 21, justo de 27, segundo casa de an√°lise que assino. Faz tempo que n√£o compro ela. Meu DYOC √© 12,26%. N√£o irei vender agora.",2025-11-06 16:01:31+00:00,1777509927310745601,VivoPoupando,Vivo Poupando VP,False,0,0,3,0,pt,"['privatization', 'investment_stock']"
1986463221968945319,Copasa (#CSMG3) recebe of√≠cio do governo de Minas para dar in√≠cio √† privatiza√ß√£o. https://t.co/cjf2P9Lj8G,2025-11-06 15:58:33+00:00,55647604,topBovespa,Junior Arcanjo ¬Æ,False,0,0,0,0,pt,"['privatization', 'politics_government']"
1986462936110342558,"RT @RogerioCorreia_: Vota√ß√£o encerrada com 47 votos a favor e a Constitui√ß√£o exige 48 para aprova√ß√£o. Proclamado o resultado, o atrasado Br‚Ä¶",2025-11-06 15:57:25+00:00,1502761960382861314,VpontoG13,Val√©ria üïä,False,160,0,0,0,pt,['other']
1986462713417961819,"Meu cabelo √© amante da copasa
Fora do Estado ele vira uma palha
Quando chego em Minas fica lindao",2025-11-06 15:56:32+00:00,1289008754550284288,rrafaelacorrea,Rafaela,False,0,0,0,0,pt,['other']
1986461025110016301,"@gsoholding @gaiusnumerius @paoduromcmoney @BrasilBurke @VivoPoupando Copasa eu monitoro, mas n√£o sou comprado",2025-11-06 15:49:49+00:00,161956930,rotalucrativa,Rota Lucrativa,False,0,1,2,0,pt,['other']
1986460533344588108,"@rotalucrativa @gaiusnumerius @paoduromcmoney @BrasilBurke üòÇüòÇüòÇ

Da sua lista de monitoramento s√≥ temos Copasa (#CSMG3) em comum. 

Outro que sei que investe em Copasa √© o @VivoPoupando.",2025-11-06 15:47:52+00:00,1520708718530342914,gsoholding,GSO Holding,False,0,1,0,0,pt,['investment_stock']
1986460488201277784,N√ÉO A PRIVATIZA√á√ÉO DA COPASA! https://t.co/oSTTSqf6Uy,2025-11-06 15:47:41+00:00,69408870,maryalcantaras,M‡∏•ri‡∏•n‡∏• Alc‡∏•nt‡∏•r‡∏•,False,0,0,0,0,pt,['privatization']
1986460426339598664,"Muito se fala sobre Zema, mas pouco se fala sobre os Deputados Mineiros - PEC que facilita a venda da Copasa aprovada pela C√¢mera! Esses Deputados representam tudo, menos o interesse da popula√ß√£o! ü§°",2025-11-06 15:47:26+00:00,1159866218779688960,ogostodovivo,O tal do Caster,False,0,0,0,0,pt,"['privatization', 'politics_government']"
1986460209959907792,"RT @RogerioCorreia_: Vota√ß√£o encerrada com 47 votos a favor e a Constitui√ß√£o exige 48 para aprova√ß√£o. Proclamado o resultado, o atrasado Br‚Ä¶",2025-11-06 15:46:35+00:00,199114704,vermelhos_sim,Antifascismo n√£o √© radicalismo,False,160,0,0,0,pt,['other']
1986459996675317882,"RT @RogerioCorreia_: Vota√ß√£o encerrada com 47 votos a favor e a Constitui√ß√£o exige 48 para aprova√ß√£o. Proclamado o resultado, o atrasado Br‚Ä¶",2025-11-06 15:45:44+00:00,259422952,nabiatrixr,bia üáµüá∏,False,160,0,0,0,pt,['other']
1986458832508215314,DESGRA√áADO DO ZEMA VAI ACABAR CONSEGUINDO PRIVATIZAR A COPASA ARROMBADOOOOO,2025-11-06 15:41:06+00:00,523199708,j0vane_,cansado e obscuro,False,0,0,0,0,pt,"['privatization', 'politics_government']"
1986458670704812509,"RT @RogerioCorreia_: Vota√ß√£o encerrada com 47 votos a favor e a Constitui√ß√£o exige 48 para aprova√ß√£o. Proclamado o resultado, o atrasado Br‚Ä¶",2025-11-06 15:40:28+00:00,1917265261641752578,CalvelliLu16544,Diego Calvelli Luz,False,160,0,0,0,pt,['other']
1986458573828702674,"@DudaSalabert A pessoa que mais fez contra o povo mineiro nessa palha√ßada foi o presidente da ALMG, Tadeu Leite.
Ele √© o principal respons√°vel por silenciar a opini√£o do povo, que n√£o quer a privatiza√ß√£o da Copasa.",2025-11-06 15:40:05+00:00,1364907284283981826,_jo5ieL,Economista de Schr√∂dinger,False,0,0,0,0,pt,"['privatization', 'politics_government']"
1986458419696398438,RT @brunosouzasc: A esquerda foi protestar contra a privatiza√ß√£o da Copasa e queimou a casa errada achando que era a do presidente da Assem‚Ä¶,2025-11-06 15:39:28+00:00,1395518632361349121,Jorge_luis_2022,Jorge Luis üáßüá∑,False,23,0,0,0,pt,"['protest', 'privatization']"
1986458399974867248,"RT @RogerioCorreia_: Vota√ß√£o encerrada com 47 votos a favor e a Constitui√ß√£o exige 48 para aprova√ß√£o. Proclamado o resultado, o atrasado Br‚Ä¶",2025-11-06 15:39:23+00:00,41579714,DuduMacedofoto,Dudu Macedo,False,160,0,0,0,pt,['other']
1986458303480930320,"RT @RogerioCorreia_: Vota√ß√£o encerrada com 47 votos a favor e a Constitui√ß√£o exige 48 para aprova√ß√£o. Proclamado o resultado, o atrasado Br‚Ä¶",2025-11-06 15:39:00+00:00,1117556675689500678,petithigh3,üåô,False,160,0,0,0,pt,['other']
